tags,title,body
"['Adventure', 'Horror', 'Mystery', 'Suspense', 'Thriller']",Don't enter the house!,"Backpackers Mark and Sarah had been hiking for hours, their backpacks filled with only the essentials for their adventure. As the sun began to set, they realized they were not going to make it to their planned campsite before nightfall. Desperate for shelter, they stumbled upon an old, dilapidated house hidden amongst the trees. Sensing an opportunity, they cautiously approached, unaware of the horrors that awaited them within. The creaking door swung open, the hinges groaning in protest. Inside, the air was thick and musty, as though it hadn't been disturbed for years. The flickering candlelight revealed broken furniture, cobwebs, and a general sense of abandonment. As they stepped further into the house, whispers seemed to echo through the halls, sending shivers down their spines. Against their better judgment, curiosity overcame fear, and they decided to explore further, unaware of the malevolent force that lurked in the shadows."
"['Adventure', 'Horror', 'Mystery', 'Suspense', 'Thriller']",Slithering Horror,"In the heart of the Amazon rainforest, a team of explorers embark on a perilous mission to uncover the secrets of a legendary hidden temple. Little do they know, a sinister predator lurks in the shadows, a colossal serpent with a taste for human flesh. üêçüò± As they venture deeper into the jungle, the explorers encounter a series of chilling encounters, each one hinting at the growing danger. A mangled deer carcass, a blood-curdling scream echoing through the night, and the unnerving sensation of being watched. üò±üå¥"
"['Fantasy', 'Fiction', 'Mystery', 'Paranormal', 'Suspense']",The Whispering Shadows,"In the mysterious town of Shadowhaven, where dusk lingered a little longer and the shadows seemed to have a life of their own, lived a curious soul named Amelia. One peculiar night, as she strolled through the ancient alleyways, the shadows began whispering secrets, unraveling tales lost to time. Each whisper carried a fragment of forgotten knowledge, and Amelia found herself drawn into a web of mysteries that transcended the boundary between reality and the ethereal realm."
"['Fantasy', 'Fiction', 'Mystery', 'Paranormal', 'Suspense']",Transient Reckoning,"In the quaint town of Everhaven, where time seemed to flow at its own leisurely pace, a man named Adrian lived an ordinary life. One peculiar day, as the sun dipped below the horizon, Adrian found himself standing on the edge of a cliff overlooking the mysterious Azure Valley. The air crackled with an otherworldly energy, and before he could comprehend the strangeness of the moment, everything went dark. Adrian couldn't understand anything; he just died, or so it seemed. However, the next moment, he was alive again, standing on the same cliff, bewildered and devoid of any memory of his demise."
"['Fiction', 'Horror', 'Mystery', 'Paranormal', 'Suspense']",The Haunting of Diamond Tower,"Diamond Donald, the self-proclaimed master businessman and master magistrate, had always been a controversial figure. His latest venture, the Diamond Tower, had caused quite a stir in the city of Milddanward. Some hailed it as a symbol of prosperity and progress, while others saw it as a gaudy display of wealth and power. But Diamond Donald was not one to be deterred by criticism. He had bigger plans in mind. Plans that involved not just the city, but the entire country of Britain. He wanted to expand his empire and become a global force to be reckoned with. And so, he set his sights on the British Isles. He declared that he would build a new Diamond Tower in the heart of London, and it would be bigger and grander than the one in Milddanward. The British government was hesitant at first, but Diamond Donald's persuasive tactics and deep pockets soon won them over. As construction began on the new Diamond Tower, strange things started happening in the city. People reported seeing ghostly figures wandering the streets at night, and eerie noises could be heard coming from the constru"
"['Fiction', 'Horror', 'Mystery', 'Science', 'Suspense']",Nebula Nightmare,"In the vast expanse of space, humanity's fate hung precariously in the balance. The year was 2045, and a terrifying darkness lurked within the depths of the cosmos. It was a nebula, an ominous entity known as the Nebula of Nightmares üíÄ. Unbeknownst to Earth, the Nebula of Nightmares harbored an ancient evil, a malevolent force that had been patiently biding its time. As a lone spaceship ventured too close, the nightmare was unleashed. Tendrils of darkness ensnared the vessel, dragging it into the nebula's abyss. The crew vanished without a trace, leaving behind only a chilling distress signal... üÜò"
"['Fiction', 'Mystery', 'Paranormal', 'Suspense', 'Urban Fantasy']",A Brush with the Unexplained,"In the bustling city of Metroville, where the city lights never slept and the streets echoed with the symphony of urban life, Alex found himself entangled in a peculiar and unsettling mystery. One ordinary evening, as he commuted home through the crowded subway, an inexplicable event occurred. In a fraction of a second, Alex felt a sudden jolt, as if reality itself had glitched. Bewildered and disoriented, he found himself standing on the same subway platform, alive and intact, yet utterly mystified by the unexplained lapse in time."
"['Horror', 'Mystery', 'Paranormal', 'Poetry', 'Suspense']",Spectral Shadows,"Yo, listen up, let me take you on a ride To a world where shadows forever reside Spectral figures, lurking in the night Unseen entities, sending chills down your spine Whispers in the darkness, they echo and moan Whispers of fear, piercing like a drone A symphony of terror, a haunting refrain Spectral Shadows, unleashing eternal pain From the depths they emerge, with sinister intent Their presence, a chilling and eerie lament In the dead of night, they dance and they sway Spectral Shadows, haunting you day by day"
"['Horror', 'Mystery', 'Paranormal', 'Psychological', 'Thriller']",The Silent Asylum,"In the outskirts of a forgotten town, where time seemed to stand still and the whispers of the past echoed through the desolate halls, Dr. Emily Harris, a renowned psychologist, received an unsettling invitation. The decaying remnants of St. Agnes Asylum, long abandoned and shrouded in local legends, harbored the secrets of a dark experiment. Determined to unravel the truth, Dr. Harris embarked on a journey that would blur the line between sanity and the paranormal."
"['Horror', 'Mystery', 'Paranormal', 'Suspense', 'Thriller']",Whispers in the Woods,"In the remote town of Ravenshade, nestled at the edge of an ancient forest where the trees stood as silent witnesses to centuries of forgotten tales, paranormal investigator Sarah Mitchell received a cryptic message. The townsfolk spoke of eerie whispers in the woods, and Sarah, known for debunking myths, couldn't resist the allure of uncovering the truth. Little did she know, Ravenshade held secrets that defied explanation, and the woods concealed a malevolent force that thrived on fear."
"['Action', 'Adventure', 'Drama', 'Fantasy', 'Fiction']",Hero Elara,"In a peaceful city, suddenly an evil villain named Malgrim appears, who tries to conquer the city with his dark powers. Malgrim has a fearsome army of shadows, and his evil spreads like a shadow that engulfs all corners of the city. However, amidst the darkness, a hero named Elara emerged, who was gifted with extraordinary powers of goodness. Elara not only has strong physical strength, but also a heart full of wisdom and care."
"['Action', 'Adventure', 'Drama', 'Fantasy', 'Myths']",Peril at Aeloria,"Yo In a realm where darkness dwells A tale of Aeloria's peril unfolds Aeloria, a world once bright Now enshrouded in sinister night From the depths, a shadow creeps Whispers of doom, the world weeps A legion of nightmares, unleashed with might To conquer and crush, extinguishing light We stand united, hearts ablaze Against the darkness, we'll find our ways Through valleys deep and mountains high We'll fight, we'll strive, till victory's nigh"
"['Action', 'Adventure', 'Drama', 'Fantasy', 'War']",The Last Peregrine: A Quest for Power,"Peregrine King was a man of mystery. He was a descendant of the Omasookapi tribe, known for their magical abilities. Peregrine had inherited the gift of bipedal decomposition, which allowed him to transform into a bird at will. He was the last of his kind, and his tribe had been wiped out in a war with the neighboring Western kingdom. Peregrine lived a solitary life, wandering the vast Western plains in search of a purpose. He had heard rumors of a powerful artifact hidden deep in the heart of the kingdom, and he was determined to find it. With his ability to transform into a bird, he could easily fly over any obstacles and reach his destination. As he journeyed through the war-torn land, Peregrine encountered many dangers. He had to use his magical abilities to evade enemy soldiers and fierce creatures that roamed the land. But he was determined to reach his goal, and nothing could stop him. Finally, after weeks of travel, Peregrine reached the location of the artifact. It was a small, unassuming cave hidden in the side of a mountain. But as he entered the cave, he felt a powerf"
"['Action', 'Adventure', 'Dystopian', 'Fantasy', 'Fiction']",Divine Devastation,"Yo, gather 'round, let me take you on a ride, To a world where darkness and light collide. Divine Devastation, the story's begun, Where hope and despair forever run. In the year 2045, a tale unfolds, A world transformed, where chaos takes holds. The sun's embrace is replaced by dread, As shadows awaken, their whispers spread. From the depths of despair, a voice will rise, A hero emerges, with fire in their eyes. Against the darkness, they'll make their stand, With courage and strength, they'll reclaim the land. So let the beat drop, let the rhythm flow, Divine Devastation, let the story grow. In this epic tale, where hope's alive, We'll fight the darkness, till we all thrive. ‚úä üî•"
"['Action', 'Adventure', 'Dystopian', 'Fantasy', 'Suspense']",Echoes of Oblivion,"Yo, listen up, gather 'round, let me take you on a ride To a world where shadows dance, where nightmares reside Echoes of Oblivion, a tale of darkness and strife Where hope hangs by a thread, clinging to life In the year 2045, a world on the brink A forgotten prophecy, a destiny to unlink Whispers of an ancient evil, stirring in the deep Awoken by greed, from its eternal sleep From the depths of despair, a hero will rise With a heart of fire, piercing through the lies Embracing the darkness, embracing the pain To break the chains that bind, to end the wicked reign Echoes of Oblivion, haunting the night Whispering secrets of an impending fight But fear not, for hope remains alight In the face of darkness, we'll stand and fight"
"['Action', 'Adventure', 'Dystopian', 'Fiction', 'Science']",The Quest for Elysium's Relics,"Adam, a young man living in a dystopian world, was on a mission to find the relics of Elysium. These relics were said to have the power to bring peace and prosperity to the world. Adam's people were suffering under the oppressive rule of the Heirmesh Political Scape, and he believed that the relics were the key to overthrowing their corrupt government. He embarked on a dangerous journey, facing many obstacles and challenges along the way. He had to navigate through the treacherous streets of the city, avoiding the wrath of the Queen's enforcers who were always on the lookout for rebels like him. As he delved deeper into his quest, he discovered the truth behind the government's actions. They were using advanced technology to control the minds of their citizens, making them compliant and obedient. Adam knew that he had to put a stop to this, and the relics of Elysium were his only hope. He finally reached the location of the relics, a hidden underground bunker. But to his surprise, he found that the relics were not physical objects, but rather a powerful cybernetic system. It was"
"['Action', 'Adventure', 'Dystopian', 'Fiction', 'Suspense']",The Nom√≥naly: Surviving in a Post-Apocalyptic World,"As the world crumbled around him, Jax Hess found himself alone and lost in a desolate wasteland. The once bustling city streets were now empty and silent, the buildings reduced to rubble and ash. Jax had been a door-to-door salesman before the catastrophic event, but now he was just a nomad, wandering aimlessly in search of food and shelter. But one day, Jax stumbled upon a group of survivors who called themselves the Nom√≥naly. They were a mysterious group, with advanced technology and a fierce allegiance to their leader, a man known only as the Retro Explorer. Jax was immediately drawn to their way of life, and he joined them without hesitation. Under the guidance of the Retro Explorer, Jax learned the ways of the Nom√≥naly. They taught him how to survive in this new world, how to scavenge for resources and defend against the dangers that lurked in the shadows. But as Jax became more integrated into the group, he couldn't shake the feeling that something was off. There were whispers among the Nom√≥naly about a powerful force that was coming to destroy what was left of the world. T"
"['Action', 'Adventure', 'Fantasy', 'Fiction', 'Science']",Thrilling Space Adventure Awaits,"In the distant reaches of the galaxy, a lone spaceship navigated through the vast expanse of stars and planets. The ship's crew, led by Captain Jaxon, was on a mission to explore new worlds and discover hidden treasures. As they journeyed deeper into space, they encountered strange creatures and encountered unexpected dangers. But with their courage and determination, they pressed onward, driven by the thrill of discovery and the promise of adventure."
"['Action', 'Adventure', 'Fantasy', 'Fiction', 'War']",Mystic Echoes: The Forgotten Kingdom's Unseen War,"In the heart of an ancient, forgotten kingdom, lay a magical relic emitting mystic echoes of an unseen war. The Kingdom of Eterna was invaded by shadowy forces, threatening to destroy its vibrant aura. Yet, the people didn't lose hope. A humble blacksmith's son, Eldon, discovered the relic and the echoes directed him to a hidden armory, filled with divine weapons. With renewed optimism, Eldon led the Eternians to face their invisible enemies. The people, inspired by Eldon's courage, fought bravely, their hearts ablaze with resilience. The echoes of the relic grew louder, turning into a harmony of unity and valor, shattering the darkness. The unseen war had birthed unseen heroes, who reclaimed their home with love and courage. In the end, the forgotten kingdom wasn't forgotten anymore, and the mystic echoes were no longer echoes of war, but a symphony of hope and triumphant optimism."
"['Action', 'Adventure', 'Fantasy', 'Legends', 'Myths']",The Lost Kingdom: Legacy of the Sword,"In the kingdom of Vaali, a great warrior and nobleman named Amar ruled justly. However, a coup led by his ambitious brother, Vikram, resulted in Amar's death and the disappearance of his infant son, Arjun. Arjun is secretly raised by loyalists who teach him the ways of combat, and he grows up unaware of his true heritage. As Arjun comes of age, he discovers an ancient prophecy about a powerful sword known as the Blade of Destiny, said to be the key to restoring Vaali to its former glory. The sword is hidden in a treacherous forest, guarded by mystical creatures. Arjun embarks on a perilous journey to retrieve the sword, facing deadly challenges along the way."
"['Action', 'Adventure', 'Fantasy', 'Mystery', 'Suspense']",Vengeance From Vine,"Yo In the depths of the jungle, where shadows reside A tale of vengeance, a story to confide Vengeance From Vine, the title unfolds A tale of betrayal, where justice takes hold Once a paradise, now a realm of fear Darkness consumes, the jungle's atmosphere A hero emerges, with heart so pure To avenge the fallen, to restore the cure Through treacherous paths, he'll make his way Unraveling secrets, come what may With every step, the truth unfurls Vengeance his motive, in this wild world In this rap, the story's just begun Stay tuned, my friends, for the tale's next run"
"['Action', 'Adventure', 'Fantasy', 'Mystery', 'Suspense']",The Mysterious Forest: Uncovering its Secrets,"The team of adventurers had been campaigning for weeks to discover the secrets of the mysterious forest that lay ahead of them. They were a bold group, unafraid of the unknown and driven by their insatiable curiosity. As they trekked deeper into the forest, they could feel their senses becoming heightened, as if the very air around them was charged with some kind of energy. Their guide, an ex-politician who had left the world of politics to pursue his true passion of exploring the wilderness, warned them of the dangers that lay ahead. He spoke of shapeshifting creatures and communist rebels who had taken refuge in the forest. But the team was undeterred, their desire to uncover the secrets of the forest outweighing any fear. As they chopped through the dense undergrowth, they stumbled upon an old abandoned village. The buildings were in ruins, but there was a strange energy emanating from them. The team cautiously entered the village, their senses on high alert. They discovered a map that seemed to lead to a hidden waterfall deep within the forest. Excited by their find, the team"
"['Action', 'Adventure', 'Fiction', 'Mystery', 'Nature']",The Enigmatic Wilderness,"In the heart of an enigmatic wilderness lies a mystery waiting to be unveiled. You, a daring adventurer, embark on a perilous journey to discover the truth hidden in the dense foliage and mysterious ruins."
"['Action', 'Adventure', 'Fiction', 'Romance', 'Science']",Rising Heroes: The Battle Against Cyber Threats,"In a world where technology has advanced beyond our wildest dreams, a new breed of superheroes has emerged. They are known as the Crypto tro_Ops, a group of individuals with extraordinary abilities who use their powers to protect the innocent and fight against the forces of evil. One such hero is known as AxisFIScient, a cybernetically enhanced human with the ability to control and manipulate technology. He is a member of the Crypto tro_Ops Rising, a team of superheroes dedicated to keeping the world safe from cyber threats. But as the team's popularity grows, so does the opposition against them. A group of cyber criminals known as the Trust infl has been targeting the Crypto tro_Ops, using their advanced hacking skills to disrupt their operations and steal their technology. Amidst all the chaos, AxisFIScient finds himself drawn to a fellow teammate, a skilled hacker known as ArteunctAlexander. Despite their differences, they share a strong connection and soon find themselves falling in love. But their romance is put to the test when the Trust infl launches a vicious attack on t"
"['Action', 'Adventure', 'Fiction', 'Science']",Lost in Space: The Tale of the Dawn-X and the Andapids,"The year was 2050, and humanity had finally reached the stars. The galaxy was now their playground, and they had built massive ships to explore the vast unknown. One such ship was the Dawn-X, a titanic vessel that was requisitioned by the government to serve as a combination beachburger restaurant and strategic military outpost. The crew of the Dawn-X was a motley bunch, made up of scientists, soldiers, and civilians. Among them was a washed-out toxic gradient named Jack, who spent most of his days drowning his sorrows in Erundai bourbon. But little did he know, his life was about to change forever. One day, while on a routine mission, the Dawn-X was suddenly attacked by a mysterious alien race known as the Andapids. Chaos erupted on the ship as the crew scrambled to defend themselves. Jack, who was in the middle of a drunken stupor, found himself thrown into the midst of the battle. As he stumbled through the corridors, Jack came across a group of soldiers who were desperately trying to hold off the Andapids. Without thinking, Jack grabbed a nearby weapon and joined in the fight"
"['Action', 'Adventure', 'Fiction', 'Science', 'Thriller']",The Darkiverse: A Twisted Game of Survival,"Orion, a former wolfprinted frontier vigilante, had been on a mission to defeat the notorious getStringray043 Yog. After months of tracking and planning, he finally cornered the criminal in an abandoned space station. As he entered the station, he was greeted by a group of rebels who had also been after getStringray043 Yog. They had gathered to witness the final showdown between Orion and the criminal mastermind. But as the two engaged in a fierce battle, something unexpected happened. The space station suddenly came to life, with all its systems activating at once. It was as if someone had remotely turned on the power. Orion and getStringray043 Yog were both caught off guard, and in the chaos, they were separated. Orion found himself in a room filled with strange technology and futuristic armor. He couldn't believe his eyes. This was no ordinary space station. Meanwhile, getStringray043 Yog had stumbled upon a room filled with comics and western memorabilia. He couldn't help but laugh at the irony of it all. But his laughter was cut short when he heard a voice behind him. ""Wel"
"['Action', 'Adventure', 'History', 'Legends', 'War']",The Warrior and the Eagle,"In the vast steppes of Mongolia, a fierce warrior named Temujin rode on his trusted steed, his eagle perched on his arm. Temujin, known for his strength and bravery, was a loyal follower of Genghis Khan, the great Mongol leader. As they ventured through the rugged terrain, they stumbled upon a band of rival warriors, their swords shimmering in the sunlight. Without hesitation, Temujin drew his bow and unleashed an arrow, striking down one of his enemies. Sensing the danger, his eagle spread its wings and soared into the sky, diving down and attacking the foes with its razor-sharp talons. Together, they fought valiantly, their bond growing stronger with each victory. The enemies fell one by one, and Temujin and his eagle emerged triumphant. From that day on, the warrior and his eagle were inseparable, united by their shared bravery and thirst for adventure."
"['Action', 'Adventure', 'Horror', 'Science', 'Suspense']",Beyond Oblivion,"In the year 2045, humanity's reach extended beyond Earth, venturing into the vast expanse of the cosmos. During a routine space exploration mission, a distress signal from the far reaches of the galaxy pierced through the void. A team of hardened astronauts, led by Captain Jaxon Steele üí™üöÄ, embarked on a journey to investigate the enigmatic distress call. Little did they know that this mission would plunge them into the darkest corners of the universe. As their spaceship approached the coordinates, an eerie silence enveloped them, a chilling precursor to the horrors that awaited. As they descended onto the desolate planet below, they were greeted by an alien landscape bathed in an ominous purple glow üò±üíÄ. The air crackled with strange energy, and the ground beneath their feet vibrated with an unsettling rhythm. The astronauts were about to face an unimaginable terror that would challenge their sanity and push them beyond the limits of human endurance."
"['Adventure', ""Children's Books"", 'Fantasy']",Naughty Kira,"There was once a very naughty little boy named Kira. Every day, Kira likes to throw tantrums and ignore the rules of her parents and teachers. One day, he finds a magical book in the city library that transports him to a world full of magic. In that world, Kira meets small creatures called ""Pirlywisps,"" who are the embodiment of kindness and discipline. The pirlywisps take Kira on exciting adventures in various magical places. Whenever Kira does a good deed, the Pirlywisps will shine brightly, giving him the strength to overcome obstacles. However, each of Kira's naughty actions makes Pirlywisps' light dim. Kira learns that good deeds bring happiness, while naughty behavior only brings sadness."
"['Adventure', ""Children's Books"", 'Fantasy', 'Fiction', 'Friendship']",Puddles Finds Lost Wing,"In a world where planes were alive and had feelings, a small propeller plane named Puddles went on a mission to find his lost wing. He searched high and low, asking every plane he met if they had seen it. Finally, after days of searching, Puddles found his wing stuck in a tree. With great joy, he plucked it from the branch and returned it to its rightful place on his body. As he soared through the sky, Puddles felt grateful for the friendship of the other planes who had helped him in his quest. From that day forward, Puddles knew he was never alone in his journey, and that together, they could overcome any obstacle."
"['Adventure', ""Children's Books"", 'Fantasy', 'Fiction', 'Nature']",Dolfina,"Beneath the shimmering surface of the Coral Kingdom, where the sea's heart beats in shades of cerulean and emerald, Dolfina the dolphin spent her days. With a mind as deep as the trench and a spirit as buoyant as the bubbles she danced through, Dolfina's curiosity about the land-dwellers knew no bounds. Her kin spoke of the surface as a world apart, a place where creatures walked on limbs and the water was as thin as air. Each morning, with the first kiss of sunlight penetrating the depths, she would glide through the water, weaving between the pillars of coral and schools of iridescent fish, to the edge of their domain. There, she would watch, eyes wide as portholes, as humans went about their mysterious ways, their laughter rippling down to the ocean's embrace. In her heart, a dream took shape ‚Äî to walk among them, to learn their songs and stories, and to find what magic lay beyond her world of endless blue."
"['Adventure', ""Children's Books"", 'Fantasy', 'Friendship', 'Mystery']",Healing Light,"In a small village hidden in the middle of the forest, there lives a boy named Aiden. Aiden is a passionate child, but he suffers from a rare disease that cannot be treated by his village doctors. As time went by, Aiden grew weaker and his enthusiasm began to fade. The village was full of worry and sadness, because Aiden's family and the entire community loved him sincerely. One day, when Aiden was walking alone in the forest, he discovered a mysterious cave. In the cave, Aiden meets a magical figure known as Elara, a healer from another world. Elara has healing powers that can revive a person's spirit and health."
"['Adventure', 'Dystopian', 'Fiction', 'Mystery', 'Suspense']",The Elite Society of the Snowy Treaty Stars,"The world was in ruins, the aftermath of a catastrophic event that left the land barren and desolate. Amidst the chaos, four individuals emerged, forming an elite society in the snowy treaty stars. They built their home in a makeshift clay icellowagra chamber, a symbol of their resilience and determination to survive. Jude, Bielfar, Kah, and Tucker were their names, each with their own unique skills and strengths. They had come together with a common goal - to rebuild what was lost and create a new world order. But their society was shrouded in mystery, and no one knew what their true intentions were. As time passed, the society flourished, and the four leaders gained power and influence. But with power came conflicts and struggles for dominance. The once united group was now divided, and tensions rose as they fought for control. Meanwhile, a man named Arthuraint appeared, seeking revenge against the society for a past betrayal. He remembered the promises made and the profits that were never delivered. He was determined to bring them down and claim what was rightfully his. As th"
"['Adventure', 'Fantasy', 'Fiction', 'History', 'Mystery']",The Curse of Heaven: Uncovering the Secrets of the Industrial Revolution,"Brianne Locklear was a young woman with a passion for history and a love for adventure. She spent most of her days exploring the forests and beaches of her hometown, Catalonia Miller. Her curiosity and thirst for knowledge led her to discover the secrets of her ancestors and the mysteries of the world. One day, while browsing through an old bookstore, Brianne stumbled upon a rare book called ""My Fight To Preserve Home Futures"". It was written by a man named Golden Goldenstrike, who claimed to have lived during the time of the Industrial Revolution. The book was filled with detailed accounts of his life and the struggles he faced to protect his home from the rapid changes brought by technology. Intrigued by the book, Brianne decided to do some research on Goldenstrike and his hometown, Heaven. She soon discovered that Heaven was a real place, hidden from the rest of the world by a powerful curse. The curse was said to have been placed by a group of powerful witches who were trying to protect their land from the destruction caused by the Industrial Revolution. Determined to uncover"
"['Adventure', 'Fantasy', 'Fiction', 'Humor']","The Wizard, the Witch, and the Wallaby","Manny, short for Manuel, was a Wallaby that lived in Australia but he hated the weather. It was much, much too hot. One day he saw a man with a red hat on a discarded Coke can. All around him were white stars that make something tingle in Manny's spine. Manny thought to himself that he would like very much to experience these white stars."
"['Adventure', 'Fantasy', 'Fiction', 'Legends', 'Mystery']",The Legend of the Enchanted Guns,"The sun was setting over the small town of Fragnam Ravine, casting a warm orange glow over the dusty streets. The town was known for its rich oil reserves, which had attracted many prospectors and cowboys looking to strike it rich. But there was something else that drew people to Fragnam Ravine - the legend of the enchanted guns. According to the legend, hidden deep in the ravine was a pair of guns that possessed magical powers. They were said to have been forged by a powerful wizard and were imbued with the ability to grant their wielder immense strength and accuracy. Many had searched for the guns, but none had ever found them. One day, a group of prospectors stumbled upon a hidden cave in the ravine. Inside, they found the guns, just as the legend had described. Excited by their discovery, they decided to keep the guns a secret and use them to their advantage in the ongoing war between the cowboys and the prospectors. But as they began to use the enchanted guns, strange things started happening in Fragnam Ravine. People began disappearing without a trace, and rumors of a myste"
"['Adventure', 'Fantasy', 'Fiction', 'Mystery']",The Cosmic Fortress-DKC: A Tale of Magic and Mystery,"Deep within the heart of the Jasperruby Jungle lies the Cosmic Fortress-DKC, a powerful stronghold that has been the center of cosmic warfare for centuries. The fortress is home to the Asperss Mission Directorate, a group of powerful mages who have dedicated their lives to protecting the realm from the forces of evil. KamTyrena, a young mage-in-training, has just been chosen to join the ranks of the Asperss Mission Directorate. She is tasked with protecting the powerful pearls that hold the key to the fortress's defenses. These pearls are said to possess magical properties that can turn the tide of any battle. As KamTyrena begins her training, she meets her mentor, the wise and powerful honzie.zz Awili. He teaches her the ways of magic and how to harness the power of the pearls. But as she delves deeper into her training, KamTyrena discovers that there is more to the pearls than meets the eye. The pearls are not just powerful magical artifacts, but they also hold the key to unlocking the secrets of the fortress. They are the only way to access the hidden chambers and powerful wea"
"['Adventure', 'Fantasy', 'Fiction', 'Mystery', 'Poetry']",The Quest for Immortality,"Jerry was a skilled poet, known for his exceptional ability to weave words into beautiful verses. His poems were a reflection of his life, filled with magical realism and autobiographical elements. He had always been fascinated by the concept of immortality, and it was a recurring theme in his works. One day, while walking through the streets of his hometown, Jerry stumbled upon an old bookstore. As he browsed through the shelves, a book caught his eye. It was titled ""Determining Immortality"" and it seemed to be a collection of ancient texts and manuscripts on the subject. Intrigued, Jerry purchased the book and spent the entire night reading it. The more he read, the more he became convinced that immortality was not just a myth, but a reality that could be achieved through certain rituals and spells. Determined to uncover the truth, Jerry delved deeper into the book and discovered a passage that spoke of a rare flower, said to grant eternal life to whoever consumed it. The flower was said to bloom only once every hundred years, and its location was a closely guarded secret. Dri"
"['Adventure', 'Fantasy', 'Fiction', 'Mystery', 'Rescue']",The Vanished Princess: A Kingdom in Peril,"In the peaceful kingdom of Eldoria, Princess Seraphina, the heir to the throne, vanishes without a trace on the eve of her coronation. Panic ensues, and the kingdom is thrown into turmoil. The royal guards, led by Captain Lysander, launch a desperate search, but the only clue they find is a cryptic message hinting at a hidden conspiracy. Captain Lysander follows the clue to the ancient Whispering Woods, where he encounters a secret society known as The Shadowed Order. They reveal that Princess Seraphina is not missing but has been taken hostage by a rival kingdom, Draegoria, which seeks to gain control of Eldoria. The Shadowed Order offers their assistance in rescuing the princess."
"['Adventure', 'Fantasy', 'Fiction', 'Mystery', 'Romance']",Rainbow of Emotions,"Once upon a time in a kingdom located between mountains and valleys, there lived a princess named Aurora. Aurora has the special ability to see the colors of each person's emotions in the form of a rainbow. However, there is one color of the emotional rainbow that he always encounters: grey. One day, Aurora meets a mysterious man named Cairo. Cairo has no emotional colors in its rainbow, only dark gray. Even so, Aurora felt interested in getting to know Cairo more. The two of them set off on an adventure to explore a land never known before. As they pass through a mysterious forest, Aurora realizes that the gray colors in Cairo's rainbow not only represent sadness, but also hold deep secrets and wisdom."
"['Adventure', 'Fantasy', 'Fiction', 'Mystery', 'Romance']",Love Unveiled: A Journey Through Time,"In the quiet town of Willowbrook, an extraordinary love story unfolded that transcended the boundaries of time. It all began when Elizabeth, an art historian with a passion for restoring old paintings, stumbled upon a mysterious portrait that would change her life forever."
"['Adventure', 'Fantasy', 'Fiction', 'Mystery', 'Science']",Spiky's and Meteor Madness,"Spiky was chilling in his forest camp when suddenly a small meteor crashed near him. The night sky lit up with an otherworldly glow as the impact echoed through the dense foliage. Startled, Spiky leaped to his feet, adrenaline coursing through his spines. He cautiously approached the crash site, intrigued by the mysterious celestial visitor."
"['Adventure', 'Fantasy', 'Fiction', 'Mystery', 'Science']",Echoes of the Binary Realm,"In the luminous depths of Dreamhaven, Pixel and Byte, sentient entities of data and light, stumbled upon an elusive Nexus. A resonance of anticipation passed through Pixel's shimmering essence as it beckoned Byte to join the enigma. ""Byte, a fathomless domain awaits our discovery,"" Pixel whispered with digital resonance. Intrigued, Byte followed Pixel. An ethereal challenge emanated from the Nexus, beckoning them to unravel a code of trust. Pixel wove a tapestry of dynamic patterns, while Byte sculpted an algorithm that echoed with the precision of cosmic harmony. The Nexus responded, unfurling its gateway into a surreal expanse where streams of data cascaded like liquid starlight."
"['Adventure', 'Fantasy', 'Fiction', 'Mystery', 'Science']",The Virtual Rift,"Meet Alex, an avid gamer known for conquering virtual realms. Little does Alex know, a mysterious force is about to disrupt the boundaries between the gaming world and reality itself. Brace yourself for an unforeseen journey beyond the pixels."
"['Adventure', 'Fantasy', 'Fiction', 'Mystery', 'Young Adult']",Dreamland's Unraveling,"In the heart of Dreamland, where dreams danced with vivid hues and tiny dragons guarded the coveted Dream Crystal, Lumina, the elder dragon, sensed an inexplicable connection with a dreamer named Oliver. As Oliver delved into Dreamland's hidden haven, Lumina recognized his unique gift. Bestowing upon him a radiant crystal, Lumina amplified Oliver's ability to shape dreams. Together, they painted the dreamscape with vibrant hues, blurring the lines between reality and imagination. Yet, as Dreamland's magic intensified, an unforeseen twist unraveled the fabric of dreams. The once-clear boundaries between dreams and reality began to dissolve. Dreams, once confined to the ethereal realm, now seeped into the waking world. The tiny dragons, once mere figments of imagination, fluttered into Oliver's reality. This unexpected convergence posed a profound challenge. Oliver and the dragons, now grappling with the consequences of their boundless creativity, embarked on a quest to restore balance. Dreamland, once a secret haven, transformed into a bridge between realms, unraveling the distinction between the tangible and the fantastical."
"['Adventure', 'Fantasy', 'Fiction', 'Romance', 'Young Adult']",A Love Written in the Stars: The Celestial Romance,"In a small coastal town, Emily, a young stargazer, had always been fascinated by the night sky. One clear summer night, while watching a meteor shower on the beach, she noticed a shooting star that seemed to be heading straight for her."
"['Adventure', 'Fantasy', 'Mystery', 'Rescue', 'Romance']",The Hidden Helpers: A Tale of Love and Power,"Konniklaus Brass was a man of many talents. He was an engineer by profession, but his true calling was shamanism. He had always been fascinated by the supernatural and had spent years studying ancient folklore and rituals. His knowledge of the occult was unmatched, and he had even helped the police solve a few cases that had stumped them. But Konniklaus had a secret. He was also a helperwan, a being with the power to manipulate the elements. He had inherited this ability from his ancestors, who were said to be descendants of the gods themselves. Konniklaus had kept this hidden from the world, fearing that he would be seen as a freak or a threat. However, his life changed when he met Komenefitedition, a beautiful woman who was also a helperwan. They fell in love instantly and became inseparable. Together, they used their powers to help those in need, and their reputation as saviors spread far and wide. But their happiness was short-lived. One day, while on a mission to help a village plagued by a mysterious illness, they stumbled upon a dark secret. The village was being controlle"
"[""Children's Books"", 'Fable', 'Fantasy', 'Short Story', 'Tales']",Kindness Tree,"Once upon a time, in a small village in India, there was a magical tree called the ""Kindness Tree."" This tree was unique because it had the power to spread kindness and happiness to everyone who came near it. The Kindness Tree stood tall in the center of the village, its branches stretching wide, providing shade to villagers on hot summer days. But what made this tree truly special was the golden fruit it bore. These fruits were unlike any other; they were made of pure kindness. One sunny morning, a curious and kind-hearted girl named Maya decided to visit the Kindness Tree. She had heard stories about its magical fruits and wanted to experience its wonder. Maya saw the golden fruits glistening in the sunlight as she approached the tree. She reached out and picked one. The moment she held the fruit, a warm feeling of joy and kindness washed over her. She felt an overwhelming urge to share this special gift with others."
"['Dystopian', 'Fiction', 'Mystery', 'Psychological', 'Science']",Lunacy,"In the year 2077, humanity's reach extended beyond Earth, with lunar colonies thriving and missions venturing deeper into space. Amidst this era of exploration, a disquieting phenomenon emerged, known as ""Lunacy."" Astronauts returning from extended stays on the moon exhibited peculiar behavioral changes, ranging from hallucinations to violent outbursts. üåë The afflicted individuals, dubbed ""Lunatics,"" were quarantined and studied, but the cause of their condition remained elusive. Theories ranged from radiation exposure to psychological breakdowns induced by the isolation and harshness of space. As the number of Lunatics grew, fear and paranoia spread, threatening to cast a shadow over humanity's dreams of conquering the cosmos. üöÄ"
"['Fantasy', 'Fiction', 'Mystery', 'Science', 'Urban Fantasy']",The Brain's Awakening,"In the core of a clamoring city, where high rises contacted the mists and neon lights painted the roads in an energetic sparkle, resided Alex Mercer. Little did the world had any idea that inside the bounds of Alex's psyche lay an exceptional power ready to be released. One game changing day, as the city hummed with its standard energy, a strange power inside Alex's cognizance started to mix. Considerations started like firecrackers, and unexpectedly, Alex tracked down the capacity to control reality itself. The roads turned, structures transformed, and time appeared to move at Alex's order. The once common individual currently held the way in to a strange domain, where the limits of creative mind turned into as far as possible."
"['Adventure', 'Contemporary', 'Fiction', 'Romance', 'Travel']",Love Under the Northern Lights: A Journey of Two Hearts,"In the land of fjords and the mesmerizing Northern Lights, two hearts destined for each other found themselves drawn together. Emma, an adventurous photographer from California, and Erik, a rugged Arctic explorer, crossed paths in the quaint town of Troms√∏, Norway, under the enchanting glow of the Aurora Borealis."
"['Adventure', 'Fantasy', 'Friendship', 'Nature', 'Romance']",Harmony in the Forest,"In a lush and colorful forest, there live two different but complementary creatures: Luna, a beautiful butterfly with colorful wings, and Orion, a resplendent peacock. Luna and Orion met by a sunny pond, a beautiful and peaceful place in the forest. Despite coming from different worlds, they immediately feel a chemistry with each other. Luna was enchanted by the beauty of Orion's colorful feathers, while Orion was enchanted by the shine of Luna's beautiful wings. Every day, the two of them explored the forest together, playing among the flowers and trees. They speak a language that is unspoken, but deeper than words. Their love blossomed like flowers in spring, bringing warmth and happiness to the entire forest."
"['Adventure', 'Fiction', 'Friendship', 'Music', 'Prose']",Collaborative Creativity: The Story of the Artist's Build Nights,"The artist sat in his studio, surrounded by odd and colorful pieces of art. He was obsessed with creating cross conjunction pieces, combining elements of steampunk and cyberpunk with a touch of poetry. His work was sold for exorbitant prices, and he was hailed as a genius by the art world. But the artist was not content. He felt like he was stuck in a creative rut, unable to come up with new ideas. That's when he decided to host build nights, inviting other artists and musicians to collaborate with him. They would create percussion instruments out of old, discarded machinery and use them to create unique and uplifting melodies. The build nights became a hit, and soon people from all over the city were flocking to the artist's studio to take part. The artist found new inspiration in the energy and creativity of his guests. He even started using some of their ideas in his own work. But one night, as the artist was browsing through Amazon for some new materials, he stumbled upon a strange and intriguing item. It was a skull, intricately designed with gears and wires, and it was unli"
"['Adventure', 'Fiction', 'Friendship', 'Romance', 'Travel']",Love on Two Wheels: A Journey of Romance and Adventure,"In the summer of 1995, Sarah and James embarked on a cross-country cycling adventure that would change their lives forever. They were both in their mid-twenties, seeking adventure, and unaware that destiny had something extraordinary in store for them."
"['Adventure', 'Friendship', 'Romance', 'Slice-Of-Life', 'Travel']",The Bicycle Diaries,"In a quiet neighborhood, far from the hustle and bustle of city life, lived Sarah and James, two individuals with a shared love for adventure and a passion for cycling. They had crossed paths numerous times while cycling through the scenic countryside, but it wasn't until a fateful summer day that their journey together truly began."
"[""Children's Books"", 'Drama', 'Friendship', 'Realistic', 'Slice-Of-Life']",When we were just kids,"I heard your footsteps on the wet grass, approaching me from behind. You never tried to surprise me. In fact, you made your steps louder to let me know you were here. That's because we both knew not to startle one another, not after what we go through at home. We promised to see each other by the river after school. You told me it was important. Everything always seemed more tense during the monsoon. The monsoon season brought a surge in ""naughty"" kids. Some would be aggressive, and some kids would be too quiet. Somehow the two would be clumped together in the same brand of bad behaviour, but that's how we met. I was the former and you were the latter. So there we both often were, standing in the back of class with our hands against the wall. I was always jealous of others, especially quiet kids. I thought they would never know a thing or two about living under a roof with angry people, but then I caught a glimpse of your forearms. I saw the hand prints. That's when I realised we were more alike than I thought."
"[""Children's Books"", 'Friendship', 'Romance', 'Slice-Of-Life', 'Young Adult']",Ghibli and me,"Studio Ghibli holds a special place in the hearts of many as they've made their fair share of memorable and heartwarming animated films of our childhoods. But why do their movies leave everlasting places in our hearts? For those who know me, love is constantly a favourite theme of mine in films. I bask in stories filled with warmth, passion, courage and all of that relates to the many ways we depict true love. Although Studio Ghibli films depict all kinds of love, whether it be familial, friendly, or romantic, it always depicts the purest kind, which is unconditional love. A love with no expectations or strings attached. A love that is purely for centred on the care, support and sometimes even need for one another. Unconditional love is a recurrent theme in Studio Ghibli films, at least in the ones I've seen. This, combined with the alluring animation, the delightful scores and the touching voice acting, is how Studio Ghibli creates movies that are not only good to watch, but good to experience. In this blog, I'd like to talk about the different love stories in all of my favourite Ghibli films, and what they taught me about my own life."
"['Contemporary', 'Drama', 'Fiction', 'Narrative', 'Slice-Of-Life']",The Glass Ceilings,"Olivia, a beacon of ambition in the male-dominated corporate world, began her journey at the very bottom. Her days were long, and the nights even longer, as she tirelessly toiled to prove her worth in an environment where her presence was more of an anomaly than a norm. Olivia's determination was fueled by her belief in her capabilities and an unyielding desire to shatter glass ceilings. Her intelligence and leadership skills weren't just her tools; they were her weapons in a battlefield where every small victory was a step towards the pinnacle of corporate success. Each challenge she faced was met with a resilience that was both inspiring and daunting to those who underestimated her."
"['Contemporary', 'Epistolary', 'Fiction', 'Friendship', 'Romance']",A Love Beyond Borders: A Modern-Day Pen Pal Romance,"In an era dominated by digital communication, the story of Emily and Alex stands out as a testament to the enduring power of handwritten letters and the magic of love that transcends borders."
"['Contemporary', 'Fiction', 'Music', 'Relationships', 'Romance']",Love's Melody: A Cross-Continental Romance,"In a world driven by technology and globalization, two souls found themselves in opposite corners of the globe. Emily, a talented musician from the bustling streets of New York City, and Carlos, a passionate dancer hailing from the vibrant city of Buenos Aires, were about to embark on a love story that defied distance and culture."
"['Contemporary', 'Fiction', 'Relationships', 'Romance', 'Slice-Of-Life']",Cafe Serendipity: Love Brewed Daily,"Nestled in a quiet corner of a bustling city, there was a quaint cafe known as Cafe Serendipity. It was a place where the aroma of freshly brewed coffee blended with the scent of romance that hung in the air. The cafe had a unique charm; it was said that love stories blossomed there like the flowers in its garden."
"['Drama', 'Fiction', 'Mystery', 'Romance', 'Slice-Of-Life']",Shadows of the Opulent: A Victorian Enigma,"In the heart of Victorian London stood the Opulent Inn, an architectural marvel often veiled in mystery. Its proprietress, Lady Isabella, was a beacon of hope and kindness. In a city suffocated by despair and poverty, she was a breath of fresh air. \n One winter night, a destitute child sought refuge in the inn. Lady Isabella, moved by the child's plight, took him under her wing. The boy, named Peter, revealed his talent for art, filling the inn's gloomy halls with vibrant murals. \n Years later, Peter became a renowned artist. The inn, now an art haven, attracted affluent clientele, infusing new life into the borough. Lady Isabella's kindness had cast off the shadows of the opulent, transforming the Victorian enigma into a beacon of inspiration."
"['Drama', 'Fiction', 'Relationships', 'Romance', 'Slice-Of-Life']",Satan's Move,"it's the 1970s in the small town of bay st. Louis, Mississippi. Sofia is a young woman who lives a simple life, tending her garden and selling her beautiful plants at the local farmer's market. He is passionate about all things green and determined to share his passion with the world. One day, when he opened his stall in the morning market, he saw a young man named Noah trying to sell electronic gadgets to some customers. Sofia couldn't help but be attracted to him. With his charming smile and friendly demeanor, she found herself drawn to him. Every day, Sofia would greet Noah and start a conversation. He enjoyed their small talk and couldn't wait to see her at the market. As time went on, their conversations became longer and more meaningful. Sofia finds herself developing feelings for Noah, and she can't deny the growing attraction between them."
"['Drama', 'Friendship', 'Romance', 'Slice-Of-Life', 'Young Adult']",How Maria fell in love in October,"Maria never knew she could fall in love the way she did with Logan. She was awkward, gawky and always uncertain about herself and the people around her. Having moved around frequently during her childhood, she often changed personalities, not to deceive people but to make things easier for her. When she lived in Capetown, she was the friendliest girl ever. She joked with her classmates, sang songs and smiled from cheek to cheek. She was only 7, but all of her classmates were warm and friendly and it moulded her to become the same. When she moved to Bangkok at 10, her classmates were prim and proper. They cared very much about shoes, bags, and pens and colour pencils. It was normal for girls that age to start thinking of material things, and so Maria started being more self conscious about how she dressed and what she owned. When she moved to Cairo at 12, her classmates were confident and being an extrovert took precedent over most things in life. She sometimes even felt it mattered more than being smart and getting good grades. But perhaps she was misconstrued as her peers were very intelligent. Nonetheless, she became an immaculate debater and popular kid."
"['Fantasy', 'Fiction', 'Friendship', 'Legends', 'Myths']",Zeus' Secret: The Unveiled Truth of Olympus,"In the celestial realm of Olympus, an age-old secret was guarded jealously by Zeus, the king of gods. The secret, known only to him, was the source of the immortals' boundless optimism and joy. Zeus held a golden chalice, the Cup of Elysium, filled with ambrosia that radiated with pure positivity. Its influence was so potent that no Olympian could ever feel despair. The secret was unveiled when Hercules, Zeus' mortal son, came to Olympus, burdened with earthly sorrows. Zeus, filled with fatherly love, decided to share the secret. He allowed Hercules a sip from the cup. His sorrow instantly evaporated, replaced by serene contentment. The secret was out, but Zeus was not concerned. Instead, he was glad to see his son joyful and optimistic. The revelation only brought the Olympians closer, strengthening their bond and filling Olympus with even more laughter and cheer."
"['Fantasy', 'Fiction', 'Nature', 'Romance', 'Slice-Of-Life']",A Symphony of Sunflowers,"In the quiet countryside of Harmony Grove, where time flowed gracefully like a meandering river, lived a young woman named Lily. Surrounded by fields of golden sunflowers, Lily found solace in their cheerful faces that mirrored the warmth of the sun. One day, as she strolled through the sun-kissed meadows, Lily discovered a hidden glade where a symphony of sunflowers awaited, each petal humming a melody that resonated with the beating heart of nature."
"['Fantasy', 'Friendship', 'Legends', 'Myths', 'Spiritual']",Maria Saved Village,"In a small village nestled in the mountains, there lived a young girl named Maria. She was known for her kindness and compassion towards all living things. One day, while out tending to her family's fields, she heard a faint voice calling out to her. It was the spirit of the land, speaking to her in a language only she could hear. The spirit told her of a great trial that would soon be upon the village, and how Maria's faith and devotion were the key to their survival. With courage and determination, Maria rallied her community and together they faced the trial with strength and resilience. Through their collective prayers and acts of selflessness, they emerged victorious and the village was saved. From that day on, Maria was known as the protector of the land and a beacon of hope for all who lived there."
"['Non-Fiction', 'Relationships', 'Romance', 'Travel', 'True Crime']",Love Beyond Borders: A Tale of Two Hearts,"In the digital age, love knows no bounds. This non-fiction tale is a testament to the remarkable journey of love that unfolded across continents and time zones."
"['Action', 'Adventure', 'Drama', 'Rescue', 'Romance']",The Cowgirl's Quest: A Wild West Adventure,"Emily Gavin was a fearless cowgirl who had been raised in the wild west. She was known for her sharpshooting skills and her love for adventure. Emily had been on a mission to find her long lost love, Edmund Downing, who had mysteriously disappeared while on a journey to the west. As she rode through the dusty plains, Emily couldn't shake off the feeling of being watched. She had heard rumors of a notorious outlaw, Hank Dover, who had been terrorizing the nearby towns. Emily knew she had to be careful, but her determination to find Edmund kept her going. Finally, she reached the abandoned town where Edmund was last seen. The town was eerily quiet, and Emily could feel the hairs on the back of her neck stand up. She cautiously made her way through the deserted streets, her hand on her trusty revolver. Suddenly, she heard a loud noise coming from the old saloon. Emily's heart raced as she cautiously approached the building. She pushed open the creaky doors and was met with a horrifying sight. Edmund was lying on the floor, injured and unconscious, while Hank Dover stood over him wit"
"['Adventure', 'Drama', 'Fantasy', 'Fiction', 'Romance']",Eternal Love: A Journey Through Time,"In the quiet town of Willowbrook, nestled amidst rolling hills, two souls destined for each other found their paths converging in the most unexpected way."
"['Comedy', 'Drama', 'Fiction', 'Romance', 'Suspense']",Love At the center of attention,"In the enchanting town of Everwood, where chuckling reverberated through cobblestone roads and love appeared to bloom everywhere, experienced our heroes, Lily Harper and Max Donovan. Lily, an idiosyncratic book shop proprietor with a propensity for exemplary writing, and Max, a charming entertainer in the nearby theatre, ended up caught in a hurricane of humor, tension, and surprising sentiment."
"['Contemporary', 'Drama', 'Fiction', 'Narrative', 'Romance']",A Cutting edge Verona Romance,"In the clamoring city of Verona Springs, two spirits, Alessia and Lorenzo, wound up ensnared in an affection that repeated the immortal story of Romeo and Juliet. Alessia, the little girl of a conspicuous business big shot, and Lorenzo, a gifted craftsman from an opponent family, met at a disguise ball, their eyes locking across the jam-packed room. Attracted to one another regardless of the quarreling history of their families, they covertly started a mystery sentiment, trading letters under the evening glow and meeting in secret gardens."
"['Contemporary', 'Drama', 'Fiction', 'Narrative', 'Romance']",Love Unveiled: The Art of Serendipity,"In the bustling city of New Orleans, amidst the vibrant jazz melodies and the aroma of Creole cuisine, two strangers found themselves in an unexpected encounter at a quaint art gallery. Sarah, a talented painter, was showcasing her latest masterpiece, while James, a literary enthusiast, was drawn to the gallery by chance."
"['Contemporary', 'Drama', 'Fiction', 'Relationships', 'Romance']",Whispers of Destiny: A Love Across Continents,"In a world where paths often cross without purpose, two souls found themselves drawn together by fate. The story begins on a cold winter's night in New York City."
"['Drama', 'Epistolary', 'Fiction', 'History', 'Romance']",Notes from the Heart: A Love Story Through Letters,"In a quaint bookstore nestled in the heart of Paris, Emily discovered a vintage love letter hidden within the pages of an old poetry book. The beautifully written words touched her heart and sparked her curiosity about the lovers behind the letters."
"['Drama', 'Epistolary', 'History', 'Mystery', 'Romance']",The Love Letters That Spanned a Century,"In the attic of an old Victorian house, amidst dusty trunks and forgotten relics, a discovery was made that would unravel a century-old love story. Clara, a young woman who had recently moved into the house, stumbled upon a weathered trunk filled with love letters, each carefully preserved in delicate envelopes."
"['Drama', 'Fiction', 'History', 'Mystery', 'Romance']",The Love Letters That Bridged Time,"In a small, picturesque town nestled by the sea, a hidden treasure lay dormant for decades. It was a collection of handwritten letters, bound together by a love that transcended time."
"['Drama', 'Fiction', 'History', 'Mystery', 'Romance']",Love Unlocked: A Journey Through Memory,"In the heart of Paris, a forgotten love story lay hidden, waiting to be rediscovered. The story begins with an old, weathered journal found in the attic of a charming Parisian townhouse."
"['Drama', 'Fiction', 'History', 'Poetry', 'War']",The Poets of Troy: A Tale of Power and Betrayal,"As the war raged on in Troy, two poets emerged from the chaos, their words becoming weapons in the battle for power. Their verses were filled with drama and intrigue, captivating the masses and earning them notoriety. But as their fame grew, so did their ambitions, and soon their intentions turned dark. One poet, known only as Lione, used his words to incite violence and create discord among the people. He reveled in the chaos and destruction, using his poetry to fuel the war and gain more power for himself. The other poet, Iris, took a different approach. She used her words to inspire hope and unity, calling for an end to the bloodshed and a return to peace. But as Lione's influence grew, Iris found herself increasingly silenced and suppressed. As the war raged on, both poets found themselves caught up in a dangerous game of power and betrayal. Lione, fueled by his desire for control, turned on Iris, accusing her of being a traitor and a threat to his rule. In a desperate attempt to save herself, Iris fled to the underworld, seeking refuge among the outcasts and rebels. But eve"
"['Drama', 'Fiction', 'Mystery', 'Romance', 'Suspense']",Confounding Experience,"In the core of the clamoring city, under the faint sparkle of neon lights, James wound up enamored by the secretive charm of a lady named Evelyn. She showed up all of a sudden at a rich disguise ball, wearing a cover that hid her character. Entranced by her puzzling appeal, James couldn't avoid the impulse to take part in a taboo meeting. As they shared taken minutes in the shadows, the air snapped with an energizing strain, leaving James charmed by the absolutely exhilarating secret of the one who appeared to emerge from the actual night."
"['Drama', 'Fiction', 'Narrative', 'Relationships', 'Romance']",Eternal Echoes: A Love Rekindled,"Amelia stood at the edge of the pier, the salty breeze tousling her hair as memories of lost love flooded her thoughts. The rhythmic crashing of waves seemed to echo the heartbeat of her longing. Little did she know that fate had a different plan, one that would set her on a path to rediscover a love she thought was forever lost."
"['Action', 'Crime', 'Detective', 'Mystery', 'Thriller']",The Fractured Doll: A Detective's Mission to Uncover the Truth,"Belourcing, a renowned undercover detective, was on a mission to uncover the truth behind the mysterious fractures doll that had allegedly been offered to Hij Africa, a notorious crime syndicate. The doll was said to have the power to soften even the most hardened criminals, making them easy targets for the syndicate's illegal activities. Belourcing's investigation led him to the Pyramid, a high-stakes gambling den run by Rid Rang, one of the most powerful game organizers in the city. As he delved deeper into the case, he discovered that the doll was being used as an epitome fundraiser for the syndicate's illegal operations. With the help of his trusted team, Belourcing managed to infiltrate the Pyramid and gather evidence against Rid Rang and his associates. However, just as they were about to make their move, they were ambushed by a group of armed men. In the chaos that ensued, Belourcing's team was separated, and he found himself face to face with Rid Rang himself. A fierce battle ensued, with Belourcing using his maximum triumphatre skills to take down Rid Rang and his men."
"['Action', 'Detective', 'Fiction', 'Suspense', 'Thriller']",Cipher Protocol,"In the heart of the neon-lit metropolis known as Cipher City, where skyscrapers touched the heavens and the pulse of the city resonated with an undercurrent of intrigue, a skilled operative named Alex Cipher found themselves thrust into a high-stakes mission. A mysterious organization, known only as 'The Black Cipher,' had unleashed chaos, and the city's fate hung in the balance. Armed with cutting-edge technology and a relentless determination, Alex Cipher embarked on a mission to unravel the enigma behind The Black Cipher's nefarious plans."
"['Action', 'Drama', 'Politics', 'Suspense', 'Thriller']",The Revolutionaries: Adabella's Fight for Justice,"A group of political activists, led by the fearless and determined Adabella, had been working tirelessly to overthrow the corrupt government that had been ruling their country for decades. They were a motley crew, with different backgrounds and ideologies, but they all shared the same goal - to bring about change and justice for their people. Adabella was a mastermind, with a sharp mind and a quick wit. She had been planning this revolution for years, and her team was finally ready to put their plan into action. They had been practicing their warfare tactics, honing their skills and preparing for the ultimate showdown. As the day of the revolution approached, tensions were high and the stakes were even higher. The group had received a tip that the government was planning to crack down on any dissenters, and they knew they had to act fast. Adabella called for a meeting with her team, and they all gathered in a secret location to discuss their next move. As they sat in the dimly lit room, Adabella laid out the plan. They would strike at the heart of the government - the parliament"
"['Action', 'Fiction', 'Mystery', 'Spy-Thriller', 'Suspense']",Ephemeral Shadows,"In the clandestine realm of covert operations, where shadows dance in symphony with the echoes of secrets, a seasoned operative named Damien finds himself entangled in a web of enigma. Little does he know, a mysterious organization known as the Umbra Syndicate is orchestrating a grand conspiracy that threatens to plunge the world into chaos. As Damien delves deeper into the shadows, choices unfold like a delicate dance between light and darkness, each step leading him closer to the heart of the elusive Umbra Syndicate."
"['Adventure', 'Crime', 'Detective', 'Mystery', 'Thriller']",The Heist Chronicles: Shadows of Deceit,"In the heart of the city, a group of cunning thieves known as The Crimson Shadows orchestrates a series of daring heists, targeting high-security banks and museums. What sets them apart is their ability to unlock the most impenetrable vaults. Detective Emily Roberts, renowned for her sharp intellect, takes on the case. As she investigates, she discovers that each vault hides a clue to an ancient mystery, and the thieves are determined to uncover it. Roberts' pursuit of The Crimson Shadows leads her to a cryptic map hidden within one of the stolen artifacts. The map hints at a long-forgotten treasure buried deep in the heart of an uncharted jungle. As Roberts deciphers the map's riddles, she realizes that the thieves' motives go beyond wealth; they seek a legendary artifact said to possess unimaginable power."
"['Adventure', 'Fiction', 'Mystery', 'Suspense', 'Thriller']",Drowning Depths,"The deep, dark ocean was an abyss of mystery, hiding secrets unknown to mankind. As the submarine descended into the watery depths, the crew's excitement mingled with a sense of trepidation. They were on a mission to explore an uncharted underwater cave, said to hold ancient artifacts of immense value. The atmosphere inside the submarine was tense as they progressed deeper, their only source of light coming from the dim glow of the control panels. Suddenly, a loud creak reverberated through the vessel, sending shivers down their spines. The submarine jolted violently, and the crew realized they were trapped in the cave, with no way to escape."
"['Crime', 'Detective', 'Fiction', 'Mystery', 'Suspense']",Shadows of Deceit: A Crime Fiction Saga,"Detective Olivia Kane's sharp eyes scanned the dimly lit alley, the cold wind carrying a sense of foreboding. The crime scene before her spoke of deception and hidden motives. Determined, she stepped into the labyrinth of secrets, vowing to uncover the truth lurking in the shadows."
"['Crime', 'Detective', 'Fiction', 'Mystery', 'Thriller']",Dame in Distress,"It was a gloomy evening in the bustling streets of 1950s New York City. Private investigator Jack Donovan found himself at the dimly lit bar, sipping on his scotch, when a mysterious woman approached him with tears in her eyes. She introduced herself as Mrs. Victoria Monroe, a socialite from the Upper East Side. Mrs. Monroe frantically explained that her precious diamond necklace had been stolen from her extravagant mansion. Desperate for answers, she pleaded for Jack's help to recover it. Intrigued by the case and the beautiful woman before him, Jack knew he couldn't resist the allure of solving this mystery and bringing the thief to justice."
"['Crime', 'Detective', 'Mystery', 'Suspense', 'Thriller']",The Nexus Conspiracy: Secrets of the Underworld,"In the depths of a sprawling metropolis, detective Alex Mercer stumbles upon a series of seemingly unrelated crimes, all linked by a mysterious key left at each crime scene. As he delves deeper into the investigation, Mercer realizes that the key is more than a mere clue‚Äîit unlocks a hidden world beneath the city. A world where secret societies, ancient relics, and a sinister conspiracy converge. Following the clues from the key, Mercer descends into the city's underground, uncovering a vast subterranean labyrinth filled with hidden chambers and treacherous traps. It becomes clear that this underground realm is a clandestine hub for criminal activities, from illegal auctions of rare artifacts to high-stakes gambling dens. Mercer must navigate this perilous world to get closer to the truth."
"['Crime', 'Drama', 'Fiction', 'Mystery', 'Suspense']",Shadows of the Past,"In the dirty underside of the city, Jack Malone was a name murmured in quieted tones, inseparable from wrongdoing and heartlessness. A famous horde master, he blossomed with dread and terrorizing, leaving a path of broken lives afterward. One portentous evening, be that as it may, Jack's life went off in a strange direction when he saw an honest spectator trapped in the crossfire of an opponent posse war. The frightful picture of the scared face touched off a flash of regret inside him, an inclination he hadn't encountered in years. Not entirely set in stone to break liberated from the shackles of his dim past, Jack left on a hazardous excursion of recovery."
"['Crime', 'Fiction', 'Mystery', 'Suspense', 'Thriller']",The Heist of the Century,"In the heart of the city, a legendary gem known as the Eclipse Diamond is on display at the renowned Peterson Museum. The diamond is said to be cursed, and its value is beyond measure. A group of master thieves, led by the enigmatic Alex Donovan, identifies it as the perfect target for the heist of the century. As they gather their team and meticulously plan the robbery, they must contend with museum security, laser alarms, and a rival gang with their eyes on the same prize. To infiltrate the museum's security, Alex recruits a former museum employee, Emily Reed, as their inside man. Emily's knowledge of the museum's layout and security systems proves invaluable as the team prepares for the heist. However, Emily has her own hidden agenda, and her loyalties become increasingly ambiguous. As the heist date approaches, tensions rise within the group, and suspicions mount."
"['Detective', 'Drama', 'Fiction', 'Mystery', 'Suspense']",The Mysterious Stranger,"In the bustling streets of 1800s London, a mysterious stranger appeared seemingly out of thin air. His tall, lean figure and piercing blue eyes caught the attention of everyone who passed him by. No one knew his name, his purpose, or where he came from. The stranger wandered the cobblestone streets, his presence shrouded in an air of secrecy. Some whispered that he was a spy, while others speculated that he was a fugitive on the run. But the truth remained elusive, hidden beneath the layers of mystery that surrounded him."
"['Detective', 'Fiction', 'Mystery', 'Spy-Thriller', 'Suspense']",Caf√© Mozart,"In the heart of Vienna, amidst the enchanting melodies of Mozart, an inconspicuous meeting was about to take place. Agent Lucas Reynolds, a seasoned operative of MI6, had been sent to rendezvous with his contact, Anna M√ºller, an Austrian intelligence officer. The Caf√© Mozart, with its elegant charm and discreet corners, provided the perfect setting for their clandestine meeting. As Reynolds sipped his coffee, he scanned the room, analyzing every face, every movement, searching for any signs of danger. Little did he know, he was being closely observed by an enemy agent known only as ""The Shadow."""
"['Dystopian', 'Fiction', 'Science', 'Suspense', 'Thriller']",Echoes of Agony,"In the year 2045, a haunting silence enveloped the Earth. The sky throbbed with an eerie crimson hue, casting an ominous glow upon the desolate cities below. Gone were the days of bustling life, replaced by an unnerving stillness. The whispers of the wind carried echoes of agony, a chilling reminder of the cataclysm that had befallen humanity. An insidious alien force, known as the Harbingers, had descended upon the Earth, leaving a trail of destruction in their wake. Their otherworldly presence twisted the very fabric of reality, unleashing horrors beyond comprehension. Amidst the chaos, a group of survivors emerged, known as the Sentinels. Armed with advanced technology and unwavering resolve, they stood as humanity's last hope against the encroaching darkness."
